{
    "iou_score_globally": [
        0.06344783306121826,
        0.06671584025025368,
        0.06671584025025368,
        0.060179825872182846,
        0.06344783306121826,
        0.06344783306121826,
        0.060179825872182846,
        0.060179825872182846,
        0.060179825872182846,
        0.06344783306121826,
        0.06344783306121826,
        0.060179825872182846,
        0.06671584025025368,
        0.060179825872182846,
        0.060179825872182846,
        0.06344783306121826,
        0.06344783306121826,
        0.060179825872182846,
        0.06344783306121826,
        0.060179825872182846,
        0.06344783306121826,
        0.060179825872182846,
        0.06671584025025368,
        0.06344783306121826,
        0.060179825872182846,
        0.060179825872182846,
        0.06344783306121826,
        0.06344783306121826,
        0.06344783306121826,
        0.06344783306121826
    ],
    "f1_score_globally": [
        0.06344783306121826,
        0.06671584025025368,
        0.06671584025025368,
        0.060179825872182846,
        0.06344783306121826,
        0.06344783306121826,
        0.060179825872182846,
        0.060179825872182846,
        0.060179825872182846,
        0.06344783306121826,
        0.06344783306121826,
        0.060179825872182846,
        0.06671584025025368,
        0.060179825872182846,
        0.060179825872182846,
        0.06344783306121826,
        0.06344783306121826,
        0.060179825872182846,
        0.06344783306121826,
        0.060179825872182846,
        0.06344783306121826,
        0.060179825872182846,
        0.06671584025025368,
        0.06344783306121826,
        0.060179825872182846,
        0.060179825872182846,
        0.06344783306121826,
        0.06344783306121826,
        0.06344783306121826,
        0.06344783306121826
    ],
    "balanced_accuracy_globally": [
        0.5321062803268433,
        0.5337402820587158,
        0.5337402820587158,
        0.5304722785949707,
        0.5321062803268433,
        0.5321062803268433,
        0.5304722785949707,
        0.5304722785949707,
        0.5304722785949707,
        0.5321062803268433,
        0.5321062803268433,
        0.5304722785949707,
        0.5337402820587158,
        0.5304722785949707,
        0.5304722785949707,
        0.5321062803268433,
        0.5321062803268433,
        0.5304722785949707,
        0.5321062803268433,
        0.5304722785949707,
        0.5321062803268433,
        0.5304722785949707,
        0.5337402820587158,
        0.5321062803268433,
        0.5304722785949707,
        0.5304722785949707,
        0.5321062803268433,
        0.5321062803268433,
        0.5321062803268433,
        0.5321062803268433
    ],
    "precision_globally": [
        0.9992352724075317,
        0.9992352724075317,
        0.9992352724075317,
        0.9992352724075317,
        0.9992352724075317,
        0.9992352724075317,
        0.9992352724075317,
        0.9992352724075317,
        0.9992352724075317,
        0.9992352724075317,
        0.9992352724075317,
        0.9992352724075317,
        0.9992352724075317,
        0.9992352724075317,
        0.9992352724075317,
        0.9992352724075317,
        0.9992352724075317,
        0.9992352724075317,
        0.9992352724075317,
        0.9992352724075317,
        0.9992352724075317,
        0.9992352724075317,
        0.9992352724075317,
        0.9992352724075317,
        0.9992352724075317,
        0.9992352724075317,
        0.9992352724075317,
        0.9992352724075317,
        0.9992352724075317,
        0.9992352724075317
    ],
    "recall_globally": [
        0.06421256959438323,
        0.06748057827353478,
        0.06748057827353478,
        0.060944560915231705,
        0.06421256959438323,
        0.06421256959438323,
        0.060944560915231705,
        0.060944560915231705,
        0.060944560915231705,
        0.06421256959438323,
        0.06421256959438323,
        0.060944560915231705,
        0.06748057827353478,
        0.060944560915231705,
        0.060944560915231705,
        0.06421256959438323,
        0.06421256959438323,
        0.060944560915231705,
        0.06421256959438323,
        0.060944560915231705,
        0.06421256959438323,
        0.060944560915231705,
        0.06748057827353478,
        0.06421256959438323,
        0.060944560915231705,
        0.060944560915231705,
        0.06421256959438323,
        0.06421256959438323,
        0.06421256959438323,
        0.06421256959438323
    ],
    "f_precision_globally": [
        0.06344783306121826,
        0.06671584025025368,
        0.06671584025025368,
        0.060179825872182846,
        0.06344783306121826,
        0.06344783306121826,
        0.060179825872182846,
        0.060179825872182846,
        0.060179825872182846,
        0.06344783306121826,
        0.06344783306121826,
        0.060179825872182846,
        0.06671584025025368,
        0.060179825872182846,
        0.060179825872182846,
        0.06344783306121826,
        0.06344783306121826,
        0.060179825872182846,
        0.06344783306121826,
        0.060179825872182846,
        0.06344783306121826,
        0.060179825872182846,
        0.06671584025025368,
        0.06344783306121826,
        0.060179825872182846,
        0.060179825872182846,
        0.06344783306121826,
        0.06344783306121826,
        0.06344783306121826,
        0.06344783306121826
    ],
    "f_recall_globally": [
        0.06344783306121826,
        0.06671584025025368,
        0.06671584025025368,
        0.060179825872182846,
        0.06344783306121826,
        0.06344783306121826,
        0.060179825872182846,
        0.060179825872182846,
        0.060179825872182846,
        0.06344783306121826,
        0.06344783306121826,
        0.060179825872182846,
        0.06671584025025368,
        0.060179825872182846,
        0.060179825872182846,
        0.06344783306121826,
        0.06344783306121826,
        0.060179825872182846,
        0.06344783306121826,
        0.060179825872182846,
        0.06344783306121826,
        0.060179825872182846,
        0.06671584025025368,
        0.06344783306121826,
        0.060179825872182846,
        0.060179825872182846,
        0.06344783306121826,
        0.06344783306121826,
        0.06344783306121826,
        0.06344783306121826
    ],
    "mean_iou": [
        0.507409993809771,
        0.546213492745525,
        0.5458816664088216,
        0.479051347097191,
        0.5124832666328611,
        0.5113509670466952,
        0.4799743710407201,
        0.4797356614336431,
        0.4796253645694871,
        0.5116917833061143,
        0.513581362947542,
        0.47948875804906776,
        0.546870550987811,
        0.47926028593075126,
        0.4808275395239786,
        0.5124374718172657,
        0.5134916794669232,
        0.47911147324423664,
        0.5124819898623069,
        0.4802162563273903,
        0.5134132450973794,
        0.4792326690340684,
        0.5450204994654796,
        0.5125791951209882,
        0.48051256090799177,
        0.47900408336792133,
        0.512871475827292,
        0.5131974939276995,
        0.5119797489613885,
        0.5125173861690483
    ],