{
    "iou_score_globally": [
        0.5787872144253925,
        0.9687573194503785,
        0.9687573194503785,
        0.9687573194503785,
        0.9687573194503785,
        0.9687573194503785,
        0.9687573194503785,
        0.9687573194503785,
        0.9687573194503785,
        0.9687573194503785,
        0.9687573194503785,
        0.9687573194503785,
        0.9687573194503785,
        0.9687573194503785,
        0.9687573194503785,
        0.9687573194503785,
        0.9687573194503785,
        0.9687573194503785,
        0.9687573194503785,
        0.9687573194503785,
        0.9687573194503785,
        0.9687573194503785,
        0.9687573194503785,
        0.9687573194503785,
        0.9687573194503785,
        0.9687573194503785,
        0.9687573194503785,
        0.9687573194503785,
        0.9758262872695923,
        0.9758262872695923
    ],
    "f1_score_globally": [
        0.5800438771024347,
        0.9687573194503785,
        0.9687573194503785,
        0.9687573194503785,
        0.9687573194503785,
        0.9687573194503785,
        0.9687573194503785,
        0.9687573194503785,
        0.9687573194503785,
        0.9687573194503785,
        0.9687573194503785,
        0.9687573194503785,
        0.9687573194503785,
        0.9687573194503785,
        0.9687573194503785,
        0.9687573194503785,
        0.9687573194503785,
        0.9687573194503785,
        0.9687573194503785,
        0.9687573194503785,
        0.9687573194503785,
        0.9687573194503785,
        0.9687573194503785,
        0.9687573194503785,
        0.9687573194503785,
        0.9687573194503785,
        0.9687573194503785,
        0.9687573194503785,
        0.9758262872695923,
        0.9758262872695923
    ],
    "balanced_accuracy_globally": [
        0.9948315143585205,
        0.989663028717041,
        0.989663028717041,
        0.989663028717041,
        0.989663028717041,
        0.989663028717041,
        0.989663028717041,
        0.989663028717041,
        0.989663028717041,
        0.989663028717041,
        0.989663028717041,
        0.989663028717041,
        0.989663028717041,
        0.989663028717041,
        0.989663028717041,
        0.989663028717041,
        0.989663028717041,
        0.989663028717041,
        0.989663028717041,
        0.989663028717041,
        0.989663028717041,
        0.989663028717041,
        0.989663028717041,
        0.989663028717041,
        0.989663028717041,
        0.989663028717041,
        0.989663028717041,
        0.989663028717041,
        0.9948315143585205,
        0.9948315143585205
    ],
    "precision_globally": [
        0.5999352425336838,
        0.9992352724075317,
        0.9992352724075317,
        0.9992352724075317,
        0.9992352724075317,
        0.9992352724075317,
        0.9992352724075317,
        0.9992352724075317,
        0.9992352724075317,
        0.9992352724075317,
        0.9992352724075317,
        0.9992352724075317,
        0.9992352724075317,
        0.9992352724075317,
        0.9992352724075317,
        0.9992352724075317,
        0.9992352724075317,
        0.9992352724075317,
        0.9992352724075317,
        0.9992352724075317,
        0.9992352724075317,
        0.9992352724075317,
        0.9992352724075317,
        0.9992352724075317,
        0.9992352724075317,
        0.9992352724075317,
        0.9992352724075317,
        0.9992352724075317,
        0.9992352724075317,
        0.9992352724075317
    ],
    "recall_globally": [
        0.9788519740104675,
        0.9695220470428467,
        0.9695220470428467,
        0.9695220470428467,
        0.9695220470428467,
        0.9695220470428467,
        0.9695220470428467,
        0.9695220470428467,
        0.9695220470428467,
        0.9695220470428467,
        0.9695220470428467,
        0.9695220470428467,
        0.9695220470428467,
        0.9695220470428467,
        0.9695220470428467,
        0.9695220470428467,
        0.9695220470428467,
        0.9695220470428467,
        0.9695220470428467,
        0.9695220470428467,
        0.9695220470428467,
        0.9695220470428467,
        0.9695220470428467,
        0.9695220470428467,
        0.9695220470428467,
        0.9695220470428467,
        0.9695220470428467,
        0.9695220470428467,
        0.9765910148620606,
        0.9765910148620606
    ],
    "f_precision_globally": [
        0.5819958372041583,
        0.9687573194503785,
        0.9687573194503785,
        0.9687573194503785,
        0.9687573194503785,
        0.9687573194503785,
        0.9687573194503785,
        0.9687573194503785,
        0.9687573194503785,
        0.9687573194503785,
        0.9687573194503785,
        0.9687573194503785,
        0.9687573194503785,
        0.9687573194503785,
        0.9687573194503785,
        0.9687573194503785,
        0.9687573194503785,
        0.9687573194503785,
        0.9687573194503785,
        0.9687573194503785,
        0.9687573194503785,
        0.9687573194503785,
        0.9687573194503785,
        0.9687573194503785,
        0.9687573194503785,
        0.9687573194503785,
        0.9687573194503785,
        0.9687573194503785,
        0.9758262872695923,
        0.9758262872695923
    ],
    "f_recall_globally": [
        0.579158911621198,
        0.9687573194503785,
        0.9687573194503785,
        0.9687573194503785,
        0.9687573194503785,
        0.9687573194503785,
        0.9687573194503785,
        0.9687573194503785,
        0.9687573194503785,
        0.9687573194503785,
        0.9687573194503785,
        0.9687573194503785,
        0.9687573194503785,
        0.9687573194503785,
        0.9687573194503785,
        0.9687573194503785,
        0.9687573194503785,
        0.9687573194503785,
        0.9687573194503785,
        0.9687573194503785,
        0.9687573194503785,
        0.9687573194503785,
        0.9687573194503785,
        0.9687573194503785,
        0.9687573194503785,
        0.9687573194503785,
        0.9687573194503785,
        0.9687573194503785,
        0.9758262872695923,
        0.9758262872695923
    ],
    "mean_iou": [
        0.11027742977889957,
        0.18180915592312513,
        0.3723805017794216,
        0.5992329398767429,
        0.6986927317716809,
        0.7191930782529062,
        0.7327206149893654,
        0.733149109156808,
        0.7419611191564132,
        0.7407013807712173,
        0.7458454087719601,
        0.7425562991309675,
        0.7448232178098776,
        0.7454773107693828,
        0.7452236982339612,
        0.7442677469890359,
        0.7420902687224935,
        0.7442938005806161,
        0.7453834058906871,
        0.7447427420959565,
        0.7461926465270015,
        0.7444179134199987,
        0.7422828990685896,
        0.7466796809762695,
        0.7457622788869176,
        0.7466208885685888,
        0.7451411260918583,
        0.7459611321331829,
        0.7808326784827301,
        0.7737198472198539
    ],
    "mean_dice": [
        0.1372962259701599,
        0.18743743525261947,
        0.3778356138645326,
        0.6042525229853138,
        0.7041161733688343,
        0.7241478508808417,
        0.737853405606394,
        0.7387378725132605,
        0.7470548870595761,
        0.7461866585884497,
        0.7509524565658883,
        0.7478223328450058,
        0.7502964756497155,
        0.7508671668064216,
        0.7504477463215996,
        0.7495954274974335,
        0.7470129306830137,
        0.7492882660160699,
        0.7507122104939847,
        0.7501326735446507,
        0.751961155329624,
        0.750064692174791,
        0.7475196686649201,
        0.7521157283893484,
        0.7511223199675708,
        0.7520858394741569,
        0.7503240834207305,
        0.7511642948138977,
        0.7860048580506087,
        0.7793080721267776
    ],