{
    "iou_score_globally": [
        0.3973455619995548,
        0.39769767919526655,
        0.5824308097362518,
        0.4059802457690239,
        0.5825390413403511,
        0.40645420490764084,
        0.39920107027865015,
        0.38431529244408014,
        0.5750997605500743,
        0.39147211271338167,
        0.4134759731590748,
        0.5829321935772895,
        0.39966803916031496,
        0.5825303335208446,
        0.39172386201098564,
        0.3841189964674413,
        0.40015886463224887,
        0.40740040615200995,
        0.38428558721207084,
        0.5675825849175453,
        0.40680364007130265,
        0.5834725603461266,
        0.3909957951051183,
        0.3991135767195374,
        0.5676376559771598,
        0.582484995899722,
        0.4149751752614975,
        0.399982964200899,
        0.5830879017710686,
        0.4068650172557682
    ],
    "f1_score_globally": [
        0.39734688528715195,
        0.3979577959841663,
        0.5832188233733178,
        0.406560318171978,
        0.5832902699708938,
        0.4071622448042035,
        0.3998214393504895,
        0.3850582388229668,
        0.5757906947983429,
        0.39241958418861034,
        0.4140967786312103,
        0.5834301665425301,
        0.4002465024939738,
        0.5832109693903476,
        0.39235128751024606,
        0.3848469198681414,
        0.4008057741448283,
        0.40804652497172356,
        0.38500433457084,
        0.5683205708861351,
        0.4075582928024232,
        0.5841822981834411,
        0.3916795554803684,
        0.3996651791036129,
        0.5685767290182412,
        0.5831691189203412,
        0.4154485955834389,
        0.4006970827002078,
        0.5835471704602242,
        0.407584259705618
    ],
    "balanced_accuracy_globally": [
        0.699637496471405,
        0.7001376926898957,
        0.7916410088539123,
        0.7042556762695312,
        0.7915347576141357,
        0.7035319924354553,
        0.7000286698341369,
        0.6918760895729065,
        0.7869803786277771,
        0.6950530529022216,
        0.7071793675422668,
        0.7926343321800232,
        0.7000510454177856,
        0.7919555962085724,
        0.6960812211036682,
        0.6922719717025757,
        0.6997935175895691,
        0.7040266513824462,
        0.6932142376899719,
        0.7836111903190612,
        0.7031548261642456,
        0.7913863182067871,
        0.6958327293395996,
        0.7009032130241394,
        0.7828483283519745,
        0.7917943596839905,
        0.7088588356971741,
        0.7004974722862244,
        0.7929495334625244,
        0.7041128396987915
    ],
    "precision_globally": [
        0.9970038771629334,
        0.9955992460250854,
        0.9965639591217041,
        0.9962548613548279,
        0.9962476372718811,
        0.9962591648101806,
        0.996354079246521,
        0.9965410470962525,
        0.9965862035751343,
        0.9966403841972351,
        0.9964824795722962,
        0.9965155959129334,
        0.996440839767456,
        0.9961427569389343,
        0.997384774684906,
        0.9963122725486755,
        0.9966711878776551,
        0.9972093105316162,
        0.9970074892044067,
        0.9963886618614197,
        0.9966677188873291,
        0.9968851566314697,
        0.9960347533226013,
        0.9963898420333862,
        0.9963597893714905,
        0.9959173679351807,
        0.9966915130615235,
        0.9971958279609681,
        0.9965741157531738,
        0.9966079473495484
    ],
    "recall_globally": [
        0.3992852391907945,
        0.40031973998993636,
        0.5851777151226998,
        0.40936054987832904,
        0.585517343878746,
        0.4095770101062953,
        0.4020054158754647,
        0.38687033038586377,
        0.5775207174941898,
        0.39372954666614535,
        0.41649393141269686,
        0.5862592126242816,
        0.40250860415399076,
        0.5857102609239518,
        0.39393194383010266,
        0.3873182587325573,
        0.40298818545416,
        0.40983183309435844,
        0.3866108214017004,
        0.5701709772460163,
        0.4093757035210729,
        0.5860815674066544,
        0.39393836255185305,
        0.40240270234644415,
        0.5700147943105549,
        0.5858733924571424,
        0.4181947946548462,
        0.4022988462820649,
        0.5864045525901019,
        0.40970437014475464
    ],
    "f_precision_globally": [
        0.39735076747201675,
        0.39817388663341263,
        0.5835056483745575,
        0.40691046193242075,
        0.5834165558218956,
        0.40721620209515097,
        0.4000753955566324,
        0.385150836315006,
        0.5757275122450665,
        0.39237824177835134,
        0.4143490448594093,
        0.5836670503020287,
        0.40032954459311443,
        0.5833290019072592,
        0.3927276785485446,
        0.3848743019159883,
        0.40070652393624184,
        0.4081669934093952,
        0.3853348266333342,
        0.5683863148093223,
        0.40764999776147304,
        0.5842132076621056,
        0.3917091607465409,
        0.4000202182214707,
        0.5684579374268651,
        0.5831938384100794,
        0.4157403647899628,
        0.40096304370090363,
        0.5837545603513717,
        0.40760273495689037
    ],
    "f_recall_globally": [
        0.3973458969975582,
        0.39801465474761244,
        0.5831563830375671,
        0.4063467025756836,
        0.58334528952837,
        0.40727775883860884,
        0.3997187031432986,
        0.3849781185388565,
        0.5759700486669317,
        0.3926005044952035,
        0.4140195921063423,
        0.5832461595535279,
        0.4002814237261191,
        0.5832821128889918,
        0.3921098765451461,
        0.38501434633508325,
        0.4009375248104334,
        0.4079478055238724,
        0.38478430258110163,
        0.5682643607258797,
        0.40748079619370403,
        0.5841565206646919,
        0.39177177236415445,
        0.399417920736596,
        0.5688263594172895,
        0.5833264271728694,
        0.41521359533071517,
        0.4004818066954613,
        0.583382360637188,
        0.40765465395525097
    ],
    "mean_iou": [
        0.15902907344010322,
        0.15454534830854,
        0.16680939426116076,
        0.1700514143253742,
        0.1865327518760938,
        0.2079489366335106,
        0.20735751104074854,
        0.20279489520534674,
        0.20734233985477446,
        0.20575809756381308,
        0.2526850041305961,
        0.22568655642813193,
        0.27352252216241835,
        0.30104771502612604,
        0.2563146618974176,
        0.24762837475789543,
        0.301290776457792,
        0.3250269519687593,
        0.23812919521064488,
        0.24956959088766556,
        0.31463918130660706,
        0.32377024779693936,
        0.2661628371859389,
        0.3204001458616415,
        0.301480577129653,
        0.32967542090810287,
        0.397714859079669,
        0.28535244703085444,
        0.2902828937855783,
        0.2683140635750274
    ],
    "mean_dice": [
        0.1887766601423117,
        0.18734340732074628,
        0.20538473904434223,
        0.20485643866862985,
        0.22500587197886324,
        0.24622967279252378,
        0.24613398056328545,
        0.2448871272833239,
        0.24875710836436413,
        0.25038416566968,
        0.28916251809736865,
        0.2605597337182614,
        0.3089853950742243,
        0.33597925401169265,
        0.2959942818061677,
        0.28413724501474735,
        0.33772167452068913,
        0.3625569216356738,
        0.27576166217210285,
        0.2880902027208261,
        0.35333429042968506,
        0.3620936580104962,
        0.30104435667516194,
        0.3532701868483426,
        0.3428785122091245,
        0.3646765085990372,
        0.4287642549645415,
        0.32329770659410223,
        0.32108005722738386,
        0.3076992712703275
    ],