{
    "iou_score_globally": [
        0.9675823807716369,
        0.9687573194503785,
        0.9687573194503785,
        0.9687573194503785,
        0.9687573194503785,
        0.9687573194503785,
        0.9687573194503785,
        0.9687573194503785,
        0.9687573194503785,
        0.9687573194503785,
        0.9687573194503785,
        0.9687573194503785,
        0.9687573194503785,
        0.9687573194503785,
        0.9687573194503785,
        0.9687573194503785,
        0.9687573194503785,
        0.9687573194503785,
        0.9687573194503785,
        0.9687573194503785,
        0.9687573194503785,
        0.9687573194503785,
        0.9687573194503785,
        0.9687573194503785,
        0.9687573194503785,
        0.9687573194503785,
        0.9687573194503785,
        0.9687573194503785,
        0.9687573194503785,
        0.9687573194503785
    ],
    "f1_score_globally": [
        0.9675823807716369,
        0.9687573194503785,
        0.9687573194503785,
        0.9687573194503785,
        0.9687573194503785,
        0.9687573194503785,
        0.9687573194503785,
        0.9687573194503785,
        0.9687573194503785,
        0.9687573194503785,
        0.9687573194503785,
        0.9687573194503785,
        0.9687573194503785,
        0.9687573194503785,
        0.9687573194503785,
        0.9687573194503785,
        0.9687573194503785,
        0.9687573194503785,
        0.9687573194503785,
        0.9687573194503785,
        0.9687573194503785,
        0.9687573194503785,
        0.9687573194503785,
        0.9687573194503785,
        0.9687573194503785,
        0.9687573194503785,
        0.9687573194503785,
        0.9687573194503785,
        0.9687573194503785,
        0.9687573194503785
    ],
    "balanced_accuracy_globally": [
        0.989663028717041,
        0.989663028717041,
        0.989663028717041,
        0.989663028717041,
        0.989663028717041,
        0.989663028717041,
        0.989663028717041,
        0.989663028717041,
        0.989663028717041,
        0.989663028717041,
        0.989663028717041,
        0.989663028717041,
        0.989663028717041,
        0.989663028717041,
        0.989663028717041,
        0.989663028717041,
        0.989663028717041,
        0.989663028717041,
        0.989663028717041,
        0.989663028717041,
        0.989663028717041,
        0.989663028717041,
        0.989663028717041,
        0.989663028717041,
        0.989663028717041,
        0.989663028717041,
        0.989663028717041,
        0.989663028717041,
        0.989663028717041,
        0.989663028717041
    ],
    "precision_globally": [
        0.9980603337287903,
        0.9992352724075317,
        0.9992352724075317,
        0.9992352724075317,
        0.9992352724075317,
        0.9992352724075317,
        0.9992352724075317,
        0.9992352724075317,
        0.9992352724075317,
        0.9992352724075317,
        0.9992352724075317,
        0.9992352724075317,
        0.9992352724075317,
        0.9992352724075317,
        0.9992352724075317,
        0.9992352724075317,
        0.9992352724075317,
        0.9992352724075317,
        0.9992352724075317,
        0.9992352724075317,
        0.9992352724075317,
        0.9992352724075317,
        0.9992352724075317,
        0.9992352724075317,
        0.9992352724075317,
        0.9992352724075317,
        0.9992352724075317,
        0.9992352724075317,
        0.9992352724075317,
        0.9992352724075317
    ],
    "recall_globally": [
        0.9695220470428467,
        0.9695220470428467,
        0.9695220470428467,
        0.9695220470428467,
        0.9695220470428467,
        0.9695220470428467,
        0.9695220470428467,
        0.9695220470428467,
        0.9695220470428467,
        0.9695220470428467,
        0.9695220470428467,
        0.9695220470428467,
        0.9695220470428467,
        0.9695220470428467,
        0.9695220470428467,
        0.9695220470428467,
        0.9695220470428467,
        0.9695220470428467,
        0.9695220470428467,
        0.9695220470428467,
        0.9695220470428467,
        0.9695220470428467,
        0.9695220470428467,
        0.9695220470428467,
        0.9695220470428467,
        0.9695220470428467,
        0.9695220470428467,
        0.9695220470428467,
        0.9695220470428467,
        0.9695220470428467
    ],
    "f_precision_globally": [
        0.9675823807716369,
        0.9687573194503785,
        0.9687573194503785,
        0.9687573194503785,
        0.9687573194503785,
        0.9687573194503785,
        0.9687573194503785,
        0.9687573194503785,
        0.9687573194503785,
        0.9687573194503785,
        0.9687573194503785,
        0.9687573194503785,
        0.9687573194503785,
        0.9687573194503785,
        0.9687573194503785,
        0.9687573194503785,
        0.9687573194503785,
        0.9687573194503785,
        0.9687573194503785,
        0.9687573194503785,
        0.9687573194503785,
        0.9687573194503785,
        0.9687573194503785,
        0.9687573194503785,
        0.9687573194503785,
        0.9687573194503785,
        0.9687573194503785,
        0.9687573194503785,
        0.9687573194503785,
        0.9687573194503785
    ],
    "f_recall_globally": [
        0.9675823807716369,
        0.9687573194503785,
        0.9687573194503785,
        0.9687573194503785,
        0.9687573194503785,
        0.9687573194503785,
        0.9687573194503785,
        0.9687573194503785,
        0.9687573194503785,
        0.9687573194503785,
        0.9687573194503785,
        0.9687573194503785,
        0.9687573194503785,
        0.9687573194503785,
        0.9687573194503785,
        0.9687573194503785,
        0.9687573194503785,
        0.9687573194503785,
        0.9687573194503785,
        0.9687573194503785,
        0.9687573194503785,
        0.9687573194503785,
        0.9687573194503785,
        0.9687573194503785,
        0.9687573194503785,
        0.9687573194503785,
        0.9687573194503785,
        0.9687573194503785,
        0.9687573194503785,
        0.9687573194503785
    ],
    "mean_iou": [
        0.676262565904406,
        0.7559825478717209,
        0.7550261419314759,
        0.7554380472325434,
        0.7545748509259658,
        0.7556743338664484,
        0.7555534768423969,
        0.7557858946885891,
        0.7560038181134792,
        0.7561113236730461,
        0.755746547424352,
        0.7554748813985249,
        0.7553799106292056,
        0.7552390538891136,
        0.7551752915686646,
        0.7559516418183906,
        0.755950335320432,
        0.755827305624226,
        0.7557393598202704,
        0.7567340542612244,
        0.7554823204754443,
        0.7558552719431473,
        0.7546147779707201,
        0.756100489340344,
        0.7558305288740544,
        0.7553414169004598,
        0.7555063580082477,
        0.7548805812920375,
        0.7596386074003089,
        0.7562343933429311
    ],
    "mean_dice": [
        0.68195905860192,
        0.7611119695753406,
        0.7607113588164645,
        0.761368441809015,
        0.7603770406853843,
        0.7609495459451832,
        0.7609220502365724,
        0.7610734659269648,
        0.7612210279533717,
        0.7612799599624177,
        0.7610729477781283,
        0.7609728011389426,
        0.7608999539710588,
        0.7607905557329973,
        0.7607681719924939,
        0.7612021714412045,
        0.7612122737193351,
        0.7611404116409342,
        0.7611006404170054,
        0.7616152947622552,
        0.7609358756807176,
        0.7611572650927612,
        0.7604730063312279,
        0.7612690917117912,
        0.7611586748744295,
        0.7608798472343824,
        0.7609590388064141,
        0.760644612816518,
        0.7653456496064941,
        0.7613655932048502
    ],