{
    "iou_score_globally": [
        0.969951593875885,
        0.9628826260566712,
        0.9673912286758423,
        0.9672534704208374,
        0.9742055892944336,
        0.967359185218811,
        0.966826605796814,
        0.9672618269920349,
        0.9673085570335388,
        0.9674501895904541,
        0.9707021951675415,
        0.9744822144508362,
        0.9671151399612427,
        0.9673943042755127,
        0.9707971215248108,
        0.9675395131111145,
        0.9674134731292725,
        0.9673415660858155,
        0.9676214337348938,
        0.9675221085548401,
        0.9744170308113098,
        0.9674948573112487,
        0.9746027231216431,
        0.9708948969841004,
        0.9708808898925781,
        0.9674421906471252,
        0.9746864914894104,
        0.9674424290657043,
        0.9778173565864563,
        0.9746547937393188
    ],
    "f1_score_globally": [
        0.969951593875885,
        0.9628826260566712,
        0.9677738904953003,
        0.967880380153656,
        0.9748789191246032,
        0.9679580092430115,
        0.9675304651260376,
        0.9678938269615174,
        0.9679245114326477,
        0.9680104970932006,
        0.971272099018097,
        0.975058913230896,
        0.967782735824585,
        0.9679745554924011,
        0.971327269077301,
        0.9680732369422913,
        0.9679942011833191,
        0.9679452776908875,
        0.9681190848350525,
        0.9680667042732238,
        0.975017499923706,
        0.9680469632148743,
        0.9751334071159363,
        0.9713947653770447,
        0.9713832616806031,
        0.9680049777030945,
        0.9751874804496765,
        0.968008816242218,
        0.9783647775650024,
        0.975170373916626
    ],
    "balanced_accuracy_globally": [
        0.985358190536499,
        0.9818237066268921,
        0.9842032432556153,
        0.9822355508804321,
        0.9857171416282654,
        0.9818922758102417,
        0.9824604153633117,
        0.9825204968452453,
        0.9823660016059875,
        0.9821130156517028,
        0.984000027179718,
        0.9853020906448364,
        0.981862199306488,
        0.9821541786193848,
        0.9842966794967651,
        0.9821701526641846,
        0.981674063205719,
        0.9824403882026672,
        0.9824462890625,
        0.9819101691246033,
        0.9856111645698548,
        0.9820794224739074,
        0.9864138841629029,
        0.9843061447143555,
        0.9841630816459656,
        0.982292115688324,
        0.9853839635848999,
        0.9824130177497864,
        0.9882214307785034,
        0.9854311585426331
    ],
    "precision_globally": [
        0.9992352724075317,
        0.9992352724075317,
        0.999092447757721,
        0.9987986445426941,
        0.9988434076309204,
        0.998830509185791,
        0.9988125562667847,
        0.9989050149917602,
        0.9988176822662354,
        0.9988671779632569,
        0.9988353013992309,
        0.9987976431846619,
        0.9987377047538757,
        0.9987520456314087,
        0.9988757133483886,
        0.9988812804222107,
        0.998676335811615,
        0.9988080024719238,
        0.9988941192626953,
        0.998751950263977,
        0.9988837003707886,
        0.998827862739563,
        0.9989499092102051,
        0.9988622069358826,
        0.9988380551338196,
        0.9988192915916443,
        0.9988172888755799,
        0.9988370418548584,
        0.9988341093063354,
        0.998825478553772
    ],
    "recall_globally": [
        0.9707163214683533,
        0.9636473536491394,
        0.968205189704895,
        0.9682745456695556,
        0.9752228021621704,
        0.9683910965919494,
        0.967851710319519,
        0.9682193040847779,
        0.968364417552948,
        0.9684773564338685,
        0.9717308163642884,
        0.9755467414855957,
        0.968186330795288,
        0.9685056447982788,
        0.9718121528625489,
        0.968582034111023,
        0.9686038970947266,
        0.9683779716491699,
        0.9686178684234619,
        0.9686621308326722,
        0.9754338741302491,
        0.9685589432716369,
        0.9755720019340515,
        0.9719389915466309,
        0.9719572305679322,
        0.9684988975524902,
        0.9757525563240051,
        0.9684661746025085,
        0.9788615703582764,
        0.9757238030433655
    ],
    "f_precision_globally": [
        0.969951593875885,
        0.9628826260566712,
        0.9680776476860047,
        0.9681349158287048,
        0.975192129611969,
        0.9681860327720642,
        0.9679347276687622,
        0.9682006239891052,
        0.9681607127189636,
        0.9682257175445557,
        0.9714776158332825,
        0.975249421596527,
        0.968051278591156,
        0.9681447386741638,
        0.971522057056427,
        0.9682611227035522,
        0.9681100726127625,
        0.9681690216064454,
        0.9682932496070862,
        0.9681860089302063,
        0.9752756595611572,
        0.9682217240333557,
        0.9753664016723633,
        0.9715442776679992,
        0.9715227723121643,
        0.968197762966156,
        0.9753172278404236,
        0.9682132720947265,
        0.978553307056427,
        0.9753132700920105
    ],
    "f_recall_globally": [
        0.969951593875885,
        0.9628826260566712,
        0.9675553679466248,
        0.9676508188247681,
        0.9746135473251343,
        0.9677525043487549,
        0.9672420859336853,
        0.9676206588745118,
        0.9677205562591553,
        0.9678240180015564,
        0.9710835099220276,
        0.9748873353004456,
        0.9675552368164062,
        0.9678278565406799,
        0.9711534380912781,
        0.9679118633270264,
        0.9678959250450134,
        0.9677404284477233,
        0.9679561138153077,
        0.9679610133171082,
        0.9747980237007141,
        0.9678901433944702,
        0.9749294757843018,
        0.9712584972381592,
        0.9712630987167359,
        0.9678356528282166,
        0.9750653505325317,
        0.9678197622299194,
        0.9781978249549865,
        0.9750399351119995
    ],
    "mean_iou": [
        0.41964219756656285,
        0.2080715926965832,
        0.1912777129554209,
        0.26968326646172386,
        0.29411770991982383,
        0.38710090727690216,
        0.445579760003299,
        0.5052302769978629,
        0.5041607635890181,
        0.5290680609236581,
        0.5536502773261738,
        0.567100979780575,
        0.5441650190723397,
        0.563143503147443,
        0.5949872885515786,
        0.5840418191957524,
        0.5864861106629448,
        0.57672898992514,
        0.5868118221197374,
        0.591663206756218,
        0.6162656111026891,
        0.5885713556809381,
        0.6337563950889578,
        0.6427173365194687,
        0.6392156476961074,
        0.6145570975408697,
        0.6504965446347778,
        0.6157778664849956,
        0.6658262169814764,
        0.6409806211050604
    ],
    "mean_dice": [
        0.43689052342341234,
        0.23395489770708378,
        0.22983689590821346,
        0.30466293818436185,
        0.3288702870813366,
        0.41948845589404876,
        0.48125621963640597,
        0.5373339774337529,
        0.5362241623296365,
        0.5610720012577881,
        0.5855022606465243,
        0.5987658574206518,
        0.5771151675462287,
        0.5949300461301096,
        0.6253371538684384,
        0.6133525458526929,
        0.617958147616859,
        0.6065586239964529,
        0.616397633179776,
        0.6213932257293167,
        0.6474640354604285,
        0.6180982213407024,
        0.6625726621301651,
        0.6708332703622367,
        0.6696326783398389,
        0.6449189990826627,
        0.6789739592821625,
        0.6447770887432682,
        0.6967383196446018,
        0.6699065303147306
    ],