{
    "iou_score_globally": [
        0.9661450624465943,
        0.9739981651306152,
        0.9745394587516785,
        0.9671820521354675,
        0.9674277424812316,
        0.9708650588989258,
        0.9747889280319214,
        0.9673896908760071,
        0.970693027973175,
        0.9747581124305725,
        0.9675500512123107,
        0.9745316863059997,
        0.9673770308494568,
        0.9676127552986145,
        0.967572021484375,
        0.9674972295761108,
        0.9777621150016784,
        0.9676302194595336,
        0.9671991229057312,
        0.9676382184028626,
        0.9675219416618347,
        0.9676594018936158,
        0.9674621105194092,
        0.9746512413024903,
        0.9675194621086121,
        0.9676349878311157,
        0.9745336771011353,
        0.9746972799301148,
        0.9675729036331177,
        0.9674726247787475
    ],
    "f1_score_globally": [
        0.9667283654212951,
        0.9747374534606934,
        0.9750959396362304,
        0.96784588098526,
        0.9680047869682312,
        0.9713769555091858,
        0.975247037410736,
        0.9679787993431092,
        0.971264123916626,
        0.9752306938171387,
        0.9680749416351319,
        0.9750905513763428,
        0.9679717302322388,
        0.9681129574775695,
        0.9680848717689514,
        0.9680484771728516,
        0.9783334136009216,
        0.9681261062622071,
        0.9678556203842164,
        0.9681308269500732,
        0.9680646896362305,
        0.9681463360786438,
        0.9680261015892029,
        0.9751716494560242,
        0.9680625677108765,
        0.9681278347969056,
        0.9750982403755188,
        0.9751928210258484,
        0.9680908679962158,
        0.9680304408073426
    ],
    "balanced_accuracy_globally": [
        0.982082200050354,
        0.9855115532875061,
        0.9854796767234802,
        0.9819235920906066,
        0.9820902705192566,
        0.9842609167098999,
        0.9859901428222656,
        0.9819594264030457,
        0.984405517578125,
        0.9860032439231873,
        0.9820614337921143,
        0.9855949997901916,
        0.9821036100387573,
        0.9822415709495544,
        0.9823741793632508,
        0.9819539070129395,
        0.9878363609313965,
        0.9819348216056824,
        0.9820049285888672,
        0.9824032068252564,
        0.9818011283874511,
        0.981940770149231,
        0.9818867325782776,
        0.9855489492416382,
        0.9818942427635193,
        0.9818921566009522,
        0.9854973196983338,
        0.9856454133987427,
        0.9819146037101746,
        0.9819373488426208
    ],
    "precision_globally": [
        0.998818826675415,
        0.9987781882286072,
        0.9987849712371826,
        0.9987486004829407,
        0.9988317966461182,
        0.9989705801010131,
        0.9988951206207275,
        0.9988592028617859,
        0.9988817930221557,
        0.9988771915435791,
        0.9988009810447693,
        0.998819899559021,
        0.998823344707489,
        0.9988734126091003,
        0.9988271355628967,
        0.998840844631195,
        0.9988849043846131,
        0.998832392692566,
        0.9987847566604614,
        0.9988667249679566,
        0.9987711906433105,
        0.9988953113555908,
        0.9987594604492187,
        0.9988658547401428,
        0.9988476991653442,
        0.9988080143928528,
        0.9987829327583313,
        0.9988787055015564,
        0.9988218665122985,
        0.9987757802009583
    ],
    "recall_globally": [
        0.9671752214431762,
        0.9750277757644653,
        0.9756374359130859,
        0.9682644963264465,
        0.9684806346893311,
        0.9718107581138611,
        0.9758229494094849,
        0.9684166789054871,
        0.9716931819915772,
        0.9758002042770386,
        0.9686192512512207,
        0.9755949735641479,
        0.9684345602989197,
        0.968640410900116,
        0.9686321973800659,
        0.9685396313667297,
        0.9787826776504517,
        0.9686870455741883,
        0.9682637572288513,
        0.9686775922775268,
        0.9686440706253052,
        0.9686713814735413,
        0.9685736656188965,
        0.9757046222686767,
        0.9685638427734375,
        0.9687102794647217,
        0.9756386160850525,
        0.9757485389709473,
        0.9686518311500549,
        0.9685793876647949
    ],
    "f_precision_globally": [
        0.9669712901115417,
        0.9750924587249756,
        0.9752561688423157,
        0.9680896520614624,
        0.9682058095932007,
        0.9716000080108642,
        0.9753837704658508,
        0.96820969581604,
        0.9714985132217407,
        0.9753677010536194,
        0.9682200908660888,
        0.9752740383148193,
        0.9681855201721191,
        0.968276071548462,
        0.9682370305061341,
        0.9682316064834595,
        0.9785655379295349,
        0.9682598352432251,
        0.9681121945381165,
        0.9682801485061645,
        0.9681961536407471,
        0.9683047533035278,
        0.9681741952896118,
        0.9753355264663697,
        0.9682408809661865,
        0.9682465553283691,
        0.9752568006515503,
        0.9753490209579467,
        0.9682358145713806,
        0.9681835174560547
    ],
    "f_recall_globally": [
        0.9665273189544678,
        0.9744381666183471,
        0.9749560594558716,
        0.9676302075386047,
        0.9678253054618835,
        0.9711728096008301,
        0.9751283168792725,
        0.9677749395370483,
        0.9710554599761962,
        0.9751088738441467,
        0.9679396986961365,
        0.9749284744262695,
        0.967783534526825,
        0.9679660201072693,
        0.9679494976997376,
        0.9678799867630005,
        0.978135061264038,
        0.9680011868476868,
        0.9676326155662537,
        0.9679958581924438,
        0.9679487347602844,
        0.9679991841316223,
        0.9678917407989502,
        0.9750269293785095,
        0.9678999185562134,
        0.9680162787437439,
        0.974958086013794,
        0.9750607967376709,
        0.9679635405540467,
        0.967895758152008
    ],
    "mean_iou": [
        0.4328976851061652,
        0.40647222824855544,
        0.47708478036829727,
        0.5345142720922567,
        0.5735020265746342,
        0.6563868727599409,
        0.6748196573587755,
        0.6489821363401493,
        0.6908769616848154,
        0.6957728483042986,
        0.6732763251235443,
        0.7010488758472061,
        0.672824429499927,
        0.6866739328272565,
        0.6868388386456248,
        0.6838622883827213,
        0.7476814806457074,
        0.6915717535629602,
        0.6842215026399929,
        0.684293756252601,
        0.6830326295128245,
        0.6864090661705466,
        0.682187404402262,
        0.7210113633228655,
        0.6840608039064069,
        0.6870344294761475,
        0.7203850482535962,
        0.7198848796185121,
        0.6892226792192198,
        0.6968726941445901
    ],
    "mean_dice": [
        0.46701537106966484,
        0.4407418535743394,
        0.5090457533603195,
        0.5660374204447841,
        0.6022263541732988,
        0.6855512836447092,
        0.7039237613227346,
        0.6781800985891042,
        0.720012793453974,
        0.7244985966375647,
        0.7009111835854075,
        0.7300496216659947,
        0.7017497115778573,
        0.7144690592226353,
        0.7147706713366634,
        0.7124682745125895,
        0.7775037947640903,
        0.7187622867600876,
        0.7137491417239368,
        0.7131297864330967,
        0.7117333730855459,
        0.7138132768483025,
        0.7098618294298242,
        0.7479011343579577,
        0.7112556983773072,
        0.7140844844575673,
        0.747264676168375,
        0.7481823303952597,
        0.7166150118501584,
        0.7224713174731723
    ],