{
    "iou_score_globally": [
        0.5821418046951294,
        0.5828820466995239,
        0.39804465605411676,
        0.3984952378552407,
        0.5827279538847506,
        0.5979157850146294,
        0.5678036019206048,
        0.574419878423214,
        0.3849457252770662,
        0.39996594516560435,
        0.3841832951642573,
        0.5825920283794404,
        0.5828403651714325,
        0.3992048359941691,
        0.5745186045765877,
        0.3988583654048853,
        0.5828029245138169,
        0.3846384362434037,
        0.5977139219641685,
        0.3995813716668636,
        0.5827381119132042,
        0.3994932103785686,
        0.3846299708355218,
        0.40619039684534075,
        0.4067119359970093,
        0.3989161581499502,
        0.38344397793989626,
        0.5825495943427086,
        0.4068621477577835,
        0.5903627052903175
    ],
    "f1_score_globally": [
        0.5825513213872909,
        0.5836220994591713,
        0.39873535723891107,
        0.39904921455308795,
        0.5834289718884975,
        0.5983217403292656,
        0.5685524240136146,
        0.5749711699783802,
        0.38544611604884266,
        0.40065232329070566,
        0.38494922062382103,
        0.5833812534809113,
        0.5836325615644455,
        0.3997611843980849,
        0.5753268525004387,
        0.39930342680308967,
        0.5835286527872086,
        0.3855346732540056,
        0.5982309103012085,
        0.4002460649469867,
        0.5832524269819259,
        0.40014253596309574,
        0.38537479024380444,
        0.40673243179917334,
        0.40736485049128535,
        0.39977182568982245,
        0.3841682042460889,
        0.5830489680171013,
        0.40761096053756773,
        0.5910743072628974
    ],
    "balanced_accuracy_globally": [
        0.791364061832428,
        0.7915814280509949,
        0.6991595983505249,
        0.7010844349861145,
        0.7918215870857239,
        0.8005956768989563,
        0.7834852695465088,
        0.7878706216812134,
        0.6935431599617005,
        0.6998003125190735,
        0.691941624879837,
        0.7910002946853638,
        0.7915393114089966,
        0.7006813168525696,
        0.786322557926178,
        0.7011686801910401,
        0.7916738867759705,
        0.6913672089576721,
        0.8005552053451538,
        0.7000601768493653,
        0.7926038146018982,
        0.700180983543396,
        0.6926755666732788,
        0.7050485134124755,
        0.7035169124603271,
        0.6985723376274109,
        0.6920989751815796,
        0.7925277352333069,
        0.7031139552593231,
        0.7950255155563355
    ],
    "precision_globally": [
        0.9967538833618164,
        0.9968071579933167,
        0.9961248993873596,
        0.9959434509277344,
        0.9962152242660522,
        0.9959067344665528,
        0.9966424703598022,
        0.9964361548423767,
        0.9970863699913025,
        0.9966068267822266,
        0.99640394449234,
        0.996434235572815,
        0.9964051246643066,
        0.996064293384552,
        0.9964059352874756,
        0.9958220839500427,
        0.9962059855461121,
        0.9966840863227844,
        0.9959973335266114,
        0.9965129494667053,
        0.9963256239891052,
        0.9963937163352966,
        0.997098422050476,
        0.9960975527763367,
        0.9964117288589478,
        0.9965716481208802,
        0.9961161136627197,
        0.9962282776832581,
        0.9965044736862183,
        0.9967587113380432
    ],
    "recall_globally": [
        0.5842327162623405,
        0.5852331414818763,
        0.40110051007941366,
        0.40247479975223543,
        0.5858757284469902,
        0.6017974525690079,
        0.5704152951948345,
        0.5766582789830863,
        0.38781242137774824,
        0.4026955273002386,
        0.38682789020240305,
        0.5850345611572265,
        0.5859274089336395,
        0.40274644568562507,
        0.5766813613474369,
        0.4028977409005165,
        0.5860743209719658,
        0.3869507723487914,
        0.6014810264110565,
        0.402550595998764,
        0.5861111666075886,
        0.4024496071971953,
        0.38703156877309086,
        0.41000732136890294,
        0.40966999903321266,
        0.4014646773226559,
        0.3863092175684869,
        0.5861142943613231,
        0.4096653779968619,
        0.5929292246699334
    ],
    "f_precision_globally": [
        0.5827586010098458,
        0.5839065700769425,
        0.3988211934454739,
        0.39940976046491417,
        0.5834743197541684,
        0.5984360530972481,
        0.5686257973313331,
        0.5752785533666611,
        0.3855999277206138,
        0.4006108321715146,
        0.3850204952526838,
        0.5836049288511276,
        0.5836547061800956,
        0.39990604147315023,
        0.5754334196448326,
        0.3995508903055452,
        0.5835092097520829,
        0.38541623202618214,
        0.5984305396676064,
        0.4003456597449258,
        0.5834765210747719,
        0.4002492499654181,
        0.38559669004753233,
        0.4069204956293106,
        0.40740049034357073,
        0.3995205315761268,
        0.38441258736420425,
        0.5832459598779678,
        0.4075729604344815,
        0.5911347225308419
    ],
    "f_recall_globally": [
        0.5823861837387085,
        0.5834089502692222,
        0.39880532999522983,
        0.3990214136429131,
        0.5835536774247885,
        0.5983640268445015,
        0.5685006529092789,
        0.5747472859919072,
        0.3854823467787355,
        0.40070872348733244,
        0.38490407220087947,
        0.5831991255283355,
        0.5837658867239952,
        0.39967051963321865,
        0.5752830326557159,
        0.39926098510622976,
        0.5837213099002838,
        0.38577198698185383,
        0.5982054278254509,
        0.4003172976430506,
        0.583086121082306,
        0.4001865798141807,
        0.3851949069648981,
        0.40672949850559237,
        0.40746114030480385,
        0.4001635472755879,
        0.3841587780043483,
        0.5829935103654862,
        0.40767041249200703,
        0.5910212188959122
    ],
    "mean_iou": [
        0.2649962978518851,
        0.27986386690597553,
        0.23389543314132827,
        0.22246742107427217,
        0.27248437197092995,
        0.30102714630267835,
        0.26890981020784605,
        0.2702030352313084,
        0.2644063706901094,
        0.29962378530734324,
        0.24173037076062975,
        0.30934012582922604,
        0.30677867008390347,
        0.2862388101170727,
        0.27220213270704774,
        0.2799105085108951,
        0.36402530449136866,
        0.3062367958151685,
        0.4129677145452703,
        0.35401401476140604,
        0.362224203491204,
        0.34541244595995274,
        0.29253451286048404,
        0.3202723352059359,
        0.3313803628695312,
        0.32812783451590677,
        0.2798794513491219,
        0.3456808880032039,
        0.3880132426670777,
        0.4097009022047503
    ],
    "mean_dice": [
        0.29769853294709114,
        0.31823260736783904,
        0.2687486161101604,
        0.2529838561221909,
        0.3078169458741288,
        0.3287733964695441,
        0.30611597417615993,
        0.30307224368289626,
        0.29932092041027836,
        0.33467727598383645,
        0.28053993856526976,
        0.3480203553333781,
        0.3446931260379684,
        0.31883536054092076,
        0.3097749071898349,
        0.30773733106555,
        0.3987620262071689,
        0.3464805699839951,
        0.44202275775440036,
        0.38870639700752874,
        0.39289620905039546,
        0.37937291910896914,
        0.3304857299660607,
        0.35193667578340493,
        0.3646721728095185,
        0.3672518524090232,
        0.31511726807032686,
        0.3765514912893692,
        0.42429690844839374,
        0.44532344247407474
    ],