{
    "iou_score_globally": [
        0.9687573194503785,
        0.9758262872695923,
        0.9687573194503785,
        0.9687573194503785,
        0.9687573194503785,
        0.9758262872695923,
        0.9687573194503785,
        0.9758262872695923,
        0.9687573194503785,
        0.9687573194503785,
        0.9687573194503785,
        0.9687573194503785,
        0.9687573194503785,
        0.9687573194503785,
        0.9687573194503785,
        0.9687573194503785,
        0.9687573194503785,
        0.9687573194503785,
        0.9758262872695923,
        0.9687573194503785,
        0.9687573194503785,
        0.9687573194503785,
        0.9687573194503785,
        0.9687573194503785,
        0.9758262872695923,
        0.9687573194503785,
        0.9687573194503785,
        0.9687573194503785,
        0.9687573194503785,
        0.9687573194503785
    ],
    "f1_score_globally": [
        0.9687573194503785,
        0.9758262872695923,
        0.9687573194503785,
        0.9687573194503785,
        0.9687573194503785,
        0.9758262872695923,
        0.9687573194503785,
        0.9758262872695923,
        0.9687573194503785,
        0.9687573194503785,
        0.9687573194503785,
        0.9687573194503785,
        0.9687573194503785,
        0.9687573194503785,
        0.9687573194503785,
        0.9687573194503785,
        0.9687573194503785,
        0.9687573194503785,
        0.9758262872695923,
        0.9687573194503785,
        0.9687573194503785,
        0.9687573194503785,
        0.9687573194503785,
        0.9687573194503785,
        0.9758262872695923,
        0.9687573194503785,
        0.9687573194503785,
        0.9687573194503785,
        0.9687573194503785,
        0.9687573194503785
    ],
    "balanced_accuracy_globally": [
        0.989663028717041,
        0.9948315143585205,
        0.989663028717041,
        0.989663028717041,
        0.989663028717041,
        0.9948315143585205,
        0.989663028717041,
        0.9948315143585205,
        0.989663028717041,
        0.989663028717041,
        0.989663028717041,
        0.989663028717041,
        0.989663028717041,
        0.989663028717041,
        0.989663028717041,
        0.989663028717041,
        0.989663028717041,
        0.989663028717041,
        0.9948315143585205,
        0.989663028717041,
        0.989663028717041,
        0.989663028717041,
        0.989663028717041,
        0.989663028717041,
        0.9948315143585205,
        0.989663028717041,
        0.989663028717041,
        0.989663028717041,
        0.989663028717041,
        0.989663028717041
    ],
    "precision_globally": [
        0.9992352724075317,
        0.9992352724075317,
        0.9992352724075317,
        0.9992352724075317,
        0.9992352724075317,
        0.9992352724075317,
        0.9992352724075317,
        0.9992352724075317,
        0.9992352724075317,
        0.9992352724075317,
        0.9992352724075317,
        0.9992352724075317,
        0.9992352724075317,
        0.9992352724075317,
        0.9992352724075317,
        0.9992352724075317,
        0.9992352724075317,
        0.9992352724075317,
        0.9992352724075317,
        0.9992352724075317,
        0.9992352724075317,
        0.9992352724075317,
        0.9992352724075317,
        0.9992352724075317,
        0.9992352724075317,
        0.9992352724075317,
        0.9992352724075317,
        0.9992352724075317,
        0.9992352724075317,
        0.9992352724075317
    ],
    "recall_globally": [
        0.9695220470428467,
        0.9765910148620606,
        0.9695220470428467,
        0.9695220470428467,
        0.9695220470428467,
        0.9765910148620606,
        0.9695220470428467,
        0.9765910148620606,
        0.9695220470428467,
        0.9695220470428467,
        0.9695220470428467,
        0.9695220470428467,
        0.9695220470428467,
        0.9695220470428467,
        0.9695220470428467,
        0.9695220470428467,
        0.9695220470428467,
        0.9695220470428467,
        0.9765910148620606,
        0.9695220470428467,
        0.9695220470428467,
        0.9695220470428467,
        0.9695220470428467,
        0.9695220470428467,
        0.9765910148620606,
        0.9695220470428467,
        0.9695220470428467,
        0.9695220470428467,
        0.9695220470428467,
        0.9695220470428467
    ],
    "f_precision_globally": [
        0.9687573194503785,
        0.9758262872695923,
        0.9687573194503785,
        0.9687573194503785,
        0.9687573194503785,
        0.9758262872695923,
        0.9687573194503785,
        0.9758262872695923,
        0.9687573194503785,
        0.9687573194503785,
        0.9687573194503785,
        0.9687573194503785,
        0.9687573194503785,
        0.9687573194503785,
        0.9687573194503785,
        0.9687573194503785,
        0.9687573194503785,
        0.9687573194503785,
        0.9758262872695923,
        0.9687573194503785,
        0.9687573194503785,
        0.9687573194503785,
        0.9687573194503785,
        0.9687573194503785,
        0.9758262872695923,
        0.9687573194503785,
        0.9687573194503785,
        0.9687573194503785,
        0.9687573194503785,
        0.9687573194503785
    ],
    "f_recall_globally": [
        0.9687573194503785,
        0.9758262872695923,
        0.9687573194503785,
        0.9687573194503785,
        0.9687573194503785,
        0.9758262872695923,
        0.9687573194503785,
        0.9758262872695923,
        0.9687573194503785,
        0.9687573194503785,
        0.9687573194503785,
        0.9687573194503785,
        0.9687573194503785,
        0.9687573194503785,
        0.9687573194503785,
        0.9687573194503785,
        0.9687573194503785,
        0.9687573194503785,
        0.9758262872695923,
        0.9687573194503785,
        0.9687573194503785,
        0.9687573194503785,
        0.9687573194503785,
        0.9687573194503785,
        0.9758262872695923,
        0.9687573194503785,
        0.9687573194503785,
        0.9687573194503785,
        0.9687573194503785,
        0.9687573194503785
    ],
    "mean_iou": [
        0.5689304713955955,
        0.7712731432480936,
        0.7554980998986096,
        0.7543984214563998,
        0.755155908984146,
        0.7886040120216985,
        0.7556984826840442,
        0.7894226547862288,
        0.7556360680194878,
        0.7556613322945032,
        0.7543391011456916,
        0.7557997468894235,
        0.7552222552688888,
        0.7550293766421413,
        0.7554765213430482,
        0.7732600615798183,
        0.755762448621176,
        0.7552512901581779,
        0.789750662121156,
        0.7565752614070609,
        0.7553842281480831,
        0.75654050575018,
        0.7559266258728319,
        0.7555144483936627,
        0.7889748027042568,
        0.7562311916759736,
        0.7558019690383911,
        0.7559902188995073,
        0.7559019487111074,
        0.7559236347022289
    ],
    "mean_dice": [
        0.5738509992103143,
        0.7764313859963919,
        0.7605680847472469,
        0.7602324812024639,
        0.7607040924495214,
        0.794059841539174,
        0.7610379754898806,
        0.794498424771328,
        0.7610067025453785,
        0.7610084540707119,
        0.7602897310825416,
        0.7611196633911136,
        0.7607763649232786,
        0.7606469546178278,
        0.7609282886919168,
        0.778163275112888,
        0.7610783453790503,
        0.7608113802577297,
        0.7947134929751483,
        0.7615674767852444,
        0.7608804016195986,
        0.7614977248510548,
        0.7611924789332997,
        0.7609572710127999,
        0.7943164080307751,
        0.7613323417830685,
        0.7610919916760999,
        0.7612303995700451,
        0.7611695367249264,
        0.7611681823513502
    ],