{
    "iou_score_globally": [
        0.03686402109597111,
        0.060179825872182846,
        0.060179825872182846,
        0.06344783306121826,
        0.060179825872182846,
        0.06344783306121826,
        0.06344783306121826,
        0.060179825872182846,
        0.06344783306121826,
        0.06344783306121826,
        0.06344783306121826,
        0.060179825872182846,
        0.06344783306121826,
        0.06344783306121826,
        0.060179825872182846,
        0.06344783306121826,
        0.060179825872182846,
        0.06344783306121826,
        0.06344783306121826,
        0.06344783306121826,
        0.06344783306121826,
        0.06344783306121826,
        0.06344783306121826,
        0.06344783306121826,
        0.060179825872182846,
        0.06344783306121826,
        0.06344783306121826,
        0.060179825872182846,
        0.06344783306121826,
        0.06344783306121826
    ],
    "f1_score_globally": [
        0.04544776157126762,
        0.060179825872182846,
        0.060179825872182846,
        0.06344783306121826,
        0.060179825872182846,
        0.06344783306121826,
        0.06344783306121826,
        0.060179825872182846,
        0.06344783306121826,
        0.06344783306121826,
        0.06344783306121826,
        0.060179825872182846,
        0.06344783306121826,
        0.06344783306121826,
        0.060179825872182846,
        0.06344783306121826,
        0.060179825872182846,
        0.06344783306121826,
        0.06344783306121826,
        0.06344783306121826,
        0.06344783306121826,
        0.06344783306121826,
        0.06344783306121826,
        0.06344783306121826,
        0.060179825872182846,
        0.06344783306121826,
        0.06344783306121826,
        0.060179825872182846,
        0.06344783306121826,
        0.06344783306121826
    ],
    "balanced_accuracy_globally": [
        0.5337870836257934,
        0.5304722785949707,
        0.5304722785949707,
        0.5321062803268433,
        0.5304722785949707,
        0.5321062803268433,
        0.5321062803268433,
        0.5304722785949707,
        0.5321062803268433,
        0.5321062803268433,
        0.5321062803268433,
        0.5304722785949707,
        0.5321062803268433,
        0.5321062803268433,
        0.5304722785949707,
        0.5321062803268433,
        0.5304722785949707,
        0.5321062803268433,
        0.5321062803268433,
        0.5321062803268433,
        0.5321062803268433,
        0.5321062803268433,
        0.5321062803268433,
        0.5321062803268433,
        0.5304722785949707,
        0.5321062803268433,
        0.5321062803268433,
        0.5304722785949707,
        0.5321062803268433,
        0.5321062803268433
    ],
    "precision_globally": [
        0.693699801992625,
        0.9992352724075317,
        0.9992352724075317,
        0.9992352724075317,
        0.9992352724075317,
        0.9992352724075317,
        0.9992352724075317,
        0.9992352724075317,
        0.9992352724075317,
        0.9992352724075317,
        0.9992352724075317,
        0.9992352724075317,
        0.9992352724075317,
        0.9992352724075317,
        0.9992352724075317,
        0.9992352724075317,
        0.9992352724075317,
        0.9992352724075317,
        0.9992352724075317,
        0.9992352724075317,
        0.9992352724075317,
        0.9992352724075317,
        0.9992352724075317,
        0.9992352724075317,
        0.9992352724075317,
        0.9992352724075317,
        0.9992352724075317,
        0.9992352724075317,
        0.9992352724075317,
        0.9992352724075317
    ],
    "recall_globally": [
        0.07558189705014229,
        0.060944560915231705,
        0.060944560915231705,
        0.06421256959438323,
        0.060944560915231705,
        0.06421256959438323,
        0.06421256959438323,
        0.060944560915231705,
        0.06421256959438323,
        0.06421256959438323,
        0.06421256959438323,
        0.060944560915231705,
        0.06421256959438323,
        0.06421256959438323,
        0.060944560915231705,
        0.06421256959438323,
        0.060944560915231705,
        0.06421256959438323,
        0.06421256959438323,
        0.06421256959438323,
        0.06421256959438323,
        0.06421256959438323,
        0.06421256959438323,
        0.06421256959438323,
        0.060944560915231705,
        0.06421256959438323,
        0.06421256959438323,
        0.060944560915231705,
        0.06421256959438323,
        0.06421256959438323
    ],
    "f_precision_globally": [
        0.06282575968652963,
        0.060179825872182846,
        0.060179825872182846,
        0.06344783306121826,
        0.060179825872182846,
        0.06344783306121826,
        0.06344783306121826,
        0.060179825872182846,
        0.06344783306121826,
        0.06344783306121826,
        0.06344783306121826,
        0.060179825872182846,
        0.06344783306121826,
        0.06344783306121826,
        0.060179825872182846,
        0.06344783306121826,
        0.060179825872182846,
        0.06344783306121826,
        0.06344783306121826,
        0.06344783306121826,
        0.06344783306121826,
        0.06344783306121826,
        0.06344783306121826,
        0.06344783306121826,
        0.060179825872182846,
        0.06344783306121826,
        0.06344783306121826,
        0.060179825872182846,
        0.06344783306121826,
        0.06344783306121826
    ],
    "f_recall_globally": [
        0.040020847093546766,
        0.060179825872182846,
        0.060179825872182846,
        0.06344783306121826,
        0.060179825872182846,
        0.06344783306121826,
        0.06344783306121826,
        0.060179825872182846,
        0.06344783306121826,
        0.06344783306121826,
        0.06344783306121826,
        0.060179825872182846,
        0.06344783306121826,
        0.06344783306121826,
        0.060179825872182846,
        0.06344783306121826,
        0.060179825872182846,
        0.06344783306121826,
        0.06344783306121826,
        0.06344783306121826,
        0.06344783306121826,
        0.06344783306121826,
        0.06344783306121826,
        0.06344783306121826,
        0.060179825872182846,
        0.06344783306121826,
        0.06344783306121826,
        0.060179825872182846,
        0.06344783306121826,
        0.06344783306121826
    ],
    "mean_iou": [
        0.11222401419335762,
        0.1753720381714439,
        0.346723320897648,
        0.465589075829617,
        0.46683485213442333,
        0.5022153737013573,
        0.5066736802804032,
        0.47624023976845037,
        0.5083212299663696,
        0.5097680996894969,
        0.5093963134157866,
        0.4764859997216545,
        0.5095447313319454,
        0.509248517462853,
        0.4790581115662297,
        0.5113014005066722,
        0.47835157233463477,
        0.5089557644856129,
        0.509730399299966,
        0.509916089558811,
        0.5123712347203659,
        0.5108656911293075,
        0.5107213476572717,
        0.5090249838380877,
        0.4775425695987958,
        0.5096214035669594,
        0.5098276275743172,
        0.4776736960628162,
        0.5106033823326767,
        0.5105680683333416
    ],