{
    "iou_score_globally": [
        0.060179825872182846,
        0.060179825872182846,
        0.06344783306121826,
        0.06344783306121826,
        0.060179825872182846,
        0.06344783306121826,
        0.060179825872182846,
        0.06671584025025368,
        0.06344783306121826,
        0.060179825872182846,
        0.060179825872182846,
        0.060179825872182846,
        0.06344783306121826,
        0.06344783306121826,
        0.06344783306121826,
        0.06344783306121826,
        0.06344783306121826,
        0.060179825872182846,
        0.060179825872182846,
        0.060179825872182846,
        0.060179825872182846,
        0.06344783306121826,
        0.06344783306121826,
        0.060179825872182846,
        0.06344783306121826,
        0.06344783306121826,
        0.06344783306121826,
        0.06344783306121826,
        0.06344783306121826,
        0.06344783306121826
    ],
    "f1_score_globally": [
        0.060179825872182846,
        0.060179825872182846,
        0.06344783306121826,
        0.06344783306121826,
        0.060179825872182846,
        0.06344783306121826,
        0.060179825872182846,
        0.06671584025025368,
        0.06344783306121826,
        0.060179825872182846,
        0.060179825872182846,
        0.060179825872182846,
        0.06344783306121826,
        0.06344783306121826,
        0.06344783306121826,
        0.06344783306121826,
        0.06344783306121826,
        0.060179825872182846,
        0.060179825872182846,
        0.060179825872182846,
        0.060179825872182846,
        0.06344783306121826,
        0.06344783306121826,
        0.060179825872182846,
        0.06344783306121826,
        0.06344783306121826,
        0.06344783306121826,
        0.06344783306121826,
        0.06344783306121826,
        0.06344783306121826
    ],
    "balanced_accuracy_globally": [
        0.5304722785949707,
        0.5304722785949707,
        0.5321062803268433,
        0.5321062803268433,
        0.5304722785949707,
        0.5321062803268433,
        0.5304722785949707,
        0.5337402820587158,
        0.5321062803268433,
        0.5304722785949707,
        0.5304722785949707,
        0.5304722785949707,
        0.5321062803268433,
        0.5321062803268433,
        0.5321062803268433,
        0.5321062803268433,
        0.5321062803268433,
        0.5304722785949707,
        0.5304722785949707,
        0.5304722785949707,
        0.5304722785949707,
        0.5321062803268433,
        0.5321062803268433,
        0.5304722785949707,
        0.5321062803268433,
        0.5321062803268433,
        0.5321062803268433,
        0.5321062803268433,
        0.5321062803268433,
        0.5321062803268433
    ],
    "precision_globally": [
        0.9992352724075317,
        0.9992352724075317,
        0.9992352724075317,
        0.9992352724075317,
        0.9992352724075317,
        0.9992352724075317,
        0.9992352724075317,
        0.9992352724075317,
        0.9992352724075317,
        0.9992352724075317,
        0.9992352724075317,
        0.9992352724075317,
        0.9992352724075317,
        0.9992352724075317,
        0.9992352724075317,
        0.9992352724075317,
        0.9992352724075317,
        0.9992352724075317,
        0.9992352724075317,
        0.9992352724075317,
        0.9992352724075317,
        0.9992352724075317,
        0.9992352724075317,
        0.9992352724075317,
        0.9992352724075317,
        0.9992352724075317,
        0.9992352724075317,
        0.9992352724075317,
        0.9992352724075317,
        0.9992352724075317
    ],
    "recall_globally": [
        0.060944560915231705,
        0.060944560915231705,
        0.06421256959438323,
        0.06421256959438323,
        0.060944560915231705,
        0.06421256959438323,
        0.060944560915231705,
        0.06748057827353478,
        0.06421256959438323,
        0.060944560915231705,
        0.060944560915231705,
        0.060944560915231705,
        0.06421256959438323,
        0.06421256959438323,
        0.06421256959438323,
        0.06421256959438323,
        0.06421256959438323,
        0.060944560915231705,
        0.060944560915231705,
        0.060944560915231705,
        0.060944560915231705,
        0.06421256959438323,
        0.06421256959438323,
        0.060944560915231705,
        0.06421256959438323,
        0.06421256959438323,
        0.06421256959438323,
        0.06421256959438323,
        0.06421256959438323,
        0.06421256959438323
    ],
    "f_precision_globally": [
        0.060179825872182846,
        0.060179825872182846,
        0.06344783306121826,
        0.06344783306121826,
        0.060179825872182846,
        0.06344783306121826,
        0.060179825872182846,
        0.06671584025025368,
        0.06344783306121826,
        0.060179825872182846,
        0.060179825872182846,
        0.060179825872182846,
        0.06344783306121826,
        0.06344783306121826,
        0.06344783306121826,
        0.06344783306121826,
        0.06344783306121826,
        0.060179825872182846,
        0.060179825872182846,
        0.060179825872182846,
        0.060179825872182846,
        0.06344783306121826,
        0.06344783306121826,
        0.060179825872182846,
        0.06344783306121826,
        0.06344783306121826,
        0.06344783306121826,
        0.06344783306121826,
        0.06344783306121826,
        0.06344783306121826
    ],
    "f_recall_globally": [
        0.060179825872182846,
        0.060179825872182846,
        0.06344783306121826,
        0.06344783306121826,
        0.060179825872182846,
        0.06344783306121826,
        0.060179825872182846,
        0.06671584025025368,
        0.06344783306121826,
        0.060179825872182846,
        0.060179825872182846,
        0.060179825872182846,
        0.06344783306121826,
        0.06344783306121826,
        0.06344783306121826,
        0.06344783306121826,
        0.06344783306121826,
        0.060179825872182846,
        0.060179825872182846,
        0.060179825872182846,
        0.060179825872182846,
        0.06344783306121826,
        0.06344783306121826,
        0.060179825872182846,
        0.06344783306121826,
        0.06344783306121826,
        0.06344783306121826,
        0.06344783306121826,
        0.06344783306121826,
        0.06344783306121826
    ],
    "mean_iou": [
        0.4494371353751648,
        0.47813006872413466,
        0.5125652761927771,
        0.5119943595048959,
        0.4793115064664309,
        0.5126318685320427,
        0.4786398628015693,
        0.5456282064939498,
        0.5116601188968207,
        0.4796628830692763,
        0.4791202105909531,
        0.48002981229150476,
        0.5132109721188602,
        0.5123331591064377,
        0.512710162775474,
        0.5117460960344886,
        0.5128118499820198,
        0.47878853331187327,
        0.4794297490991041,
        0.4797556896918202,
        0.4777405401683243,
        0.5144842623147023,
        0.5131302663899937,
        0.4801557529954549,
        0.5125715335798612,
        0.5130159784638026,
        0.5133033900550523,
        0.5139011695316593,
        0.5114650493368964,
        0.513434064744551
    ],