{
    "iou_score_globally": [
        0.1996569144539535,
        0.5818873196840286,
        0.5654084116220475,
        0.5665833470411599,
        0.5654084116220475,
        0.5889562904834748,
        0.3930452071130276,
        0.37984364428557454,
        0.3988478629144083,
        0.39108518115244806,
        0.57453125086613,
        0.5823797658085823,
        0.5824401175603271,
        0.5824926182627678,
        0.5820453513297252,
        0.5823058190755546,
        0.3991540372604504,
        0.39112994172610344,
        0.5678838655352593,
        0.41372751668095586,
        0.39910357296466825,
        0.582646231353283,
        0.5834198802709579,
        0.5819143027067184,
        0.39926683306694033,
        0.39978527636267247,
        0.4133048661053181,
        0.5677906617522239,
        0.5678223585826345,
        0.4061611646320671
    ],
    "f1_score_globally": [
        0.20050053903833032,
        0.5818873196840286,
        0.5654084116220475,
        0.5665833470411599,
        0.5654084116220475,
        0.5889562904834748,
        0.39322896003723146,
        0.38052635798230766,
        0.399298603371426,
        0.3918384192045778,
        0.575485844956711,
        0.58306854814291,
        0.5831472273916006,
        0.5832105815410614,
        0.5827341886237264,
        0.5830849851947277,
        0.3998788192169741,
        0.39189266581088306,
        0.5686031475663185,
        0.4142009623348713,
        0.39966128021478653,
        0.5831843256950379,
        0.5841109693050385,
        0.5828037768602371,
        0.39979090839624404,
        0.40053120274096726,
        0.4138571210205555,
        0.5685488939285278,
        0.5687078879214823,
        0.40661518191918733
    ],
    "balanced_accuracy_globally": [
        0.6916855692863464,
        0.7919134974479676,
        0.7830865859985352,
        0.7842615246772766,
        0.7830865859985352,
        0.7948605179786682,
        0.699906837940216,
        0.6924150943756103,
        0.7011003911495208,
        0.6953248500823974,
        0.7864165544509888,
        0.7914841175079346,
        0.7919143199920654,
        0.7913058280944825,
        0.7918447375297546,
        0.7918686270713806,
        0.7004625916481018,
        0.6945269227027893,
        0.783535361289978,
        0.7077202439308167,
        0.7007134079933166,
        0.7926660656929017,
        0.7915563821792603,
        0.7900330305099488,
        0.7005752086639404,
        0.6996586799621582,
        0.7075560808181762,
        0.7837445855140686,
        0.7832292854785919,
        0.7045533299446106
    ],
    "precision_globally": [
        0.5968831853941083,
        0.9992352724075317,
        0.9992352724075317,
        0.9992352724075317,
        0.9992352724075317,
        0.9992352724075317,
        0.993059229850769,
        0.9919113755226135,
        0.9958382725715638,
        0.9967009067535401,
        0.9964021205902099,
        0.9960511922836304,
        0.9962785124778748,
        0.9967638611793518,
        0.996015977859497,
        0.994254755973816,
        0.9964000225067139,
        0.9962400436401367,
        0.9965327620506287,
        0.9962684631347656,
        0.996327531337738,
        0.9962748289108276,
        0.9968993067741394,
        0.9963454127311706,
        0.9962708830833436,
        0.9967143297195434,
        0.9962056398391723,
        0.9966541647911071,
        0.9968454957008361,
        0.995943284034729
    ],
    "recall_globally": [
        0.3856635241769254,
        0.5826520634815097,
        0.5661731434985995,
        0.5673480891622603,
        0.5661731434985995,
        0.5897210240364075,
        0.39996342938393353,
        0.38742238823324443,
        0.40261573074385526,
        0.3933650366030633,
        0.5766850617714226,
        0.5857478991150856,
        0.5856333014555275,
        0.5846337616443634,
        0.5849765588529408,
        0.5851901361718774,
        0.40211039134301246,
        0.3924957291223109,
        0.5705835039727389,
        0.4172243669629097,
        0.4024300525896251,
        0.5860309864394366,
        0.5859437093138695,
        0.5845307767391205,
        0.40261183781549337,
        0.4023438734933734,
        0.41668941378593444,
        0.5703891540877521,
        0.56980309933424,
        0.40996496453881265
    ],
    "f_precision_globally": [
        0.20110110873356463,
        0.5818873196840286,
        0.5654084116220475,
        0.5665833470411599,
        0.5654084116220475,
        0.5889562904834748,
        0.39338168799877166,
        0.3805578611791134,
        0.399578117049532,
        0.3921723876614124,
        0.5754840493202209,
        0.5832065969705582,
        0.583346530108247,
        0.5837069109082222,
        0.5830073977354914,
        0.5833533422090114,
        0.40010843249037864,
        0.39207683330168946,
        0.5685875311493873,
        0.4142991192638874,
        0.39998974800109866,
        0.5834177359938622,
        0.5841906696557999,
        0.5826233565807343,
        0.4000396028161049,
        0.40062576681375506,
        0.4141046337783337,
        0.5686327323317528,
        0.5687948309117928,
        0.4067882478935644
    ],
    "f_recall_globally": [
        0.200541946105659,
        0.5818873196840286,
        0.5654084116220475,
        0.5665833470411599,
        0.5654084116220475,
        0.5889562904834748,
        0.39311654716730116,
        0.38051414508372544,
        0.3992317969401483,
        0.39157372326590123,
        0.575621068617329,
        0.5831460580229759,
        0.5831877002026886,
        0.5828705191612243,
        0.5826913050143048,
        0.5830770761705935,
        0.3998705348931253,
        0.39178740473871587,
        0.5686252623796463,
        0.4141371674835682,
        0.3994334802031517,
        0.5830104514956475,
        0.5840431764721871,
        0.5831243924796581,
        0.3996010422706604,
        0.4004508418031037,
        0.4136736534535885,
        0.5684841066598892,
        0.5687472478020936,
        0.40662201545201243
    ],
    "mean_iou": [
        0.1020037868818138,
        0.12105962367086395,
        0.13123111355670103,
        0.13957238522701407,
        0.15179307552193871,
        0.15282743176253882,
        0.16234029952787957,
        0.18275217572622854,
        0.15985909297219325,
        0.17484185865863902,
        0.17770152242868695,
        0.17046363730822017,
        0.16983514570325728,
        0.17047081991281018,
        0.16749796183439292,
        0.16747228948955153,
        0.17263224975320607,
        0.1849790571138835,
        0.1914676999181102,
        0.20080735531904925,
        0.19825619386291332,
        0.191198606663979,
        0.20769875073283606,
        0.19450167528834933,
        0.1790706952448004,
        0.1926166353530225,
        0.19726772056847025,
        0.20221544872750813,
        0.2071887359928694,
        0.18818597775563814
    ],
    "mean_dice": [
        0.1505326561467057,
        0.14792804945232824,
        0.16654078306599662,
        0.18108920822737815,
        0.20172349263357314,
        0.1981805899211854,
        0.21134405441455809,
        0.2360428652357005,
        0.20310380981342702,
        0.2233008984994879,
        0.22951164339759728,
        0.21426295622120461,
        0.21496925566661923,
        0.21528799494695128,
        0.21132681780438617,
        0.2150650548421865,
        0.22080628337318622,
        0.23904583626837272,
        0.2417345079024685,
        0.2390900626182173,
        0.23545372043878804,
        0.22940534587193148,
        0.25328783340517524,
        0.2446008498968193,
        0.21935393777182455,
        0.24015048955641766,
        0.23702049808999864,
        0.2459059274264729,
        0.25263020789013957,
        0.22346768914157883
    ],