{
    "iou_score_globally": [
        0.7644419859629125,
        0.9667739868164062,
        0.967284369468689,
        0.9774501204490662,
        0.9670285105705261,
        0.9675262093544006,
        0.9674768924713135,
        0.9743308782577514,
        0.9673088908195495,
        0.967164945602417,
        0.9706020951271057,
        0.9673959374427795,
        0.9708110928535462,
        0.9673356890678406,
        0.9742443799972534,
        0.9673315525054932,
        0.9677063465118408,
        0.9675354957580566,
        0.967427933216095,
        0.9745272517204284,
        0.9744912624359131,
        0.9674390196800232,
        0.9674646377563476,
        0.9704753279685974,
        0.9779122829437256,
        0.9746739745140076,
        0.9706098198890686,
        0.9674102783203125,
        0.9676133632659912,
        0.9746995449066163
    ],
    "f1_score_globally": [
        0.7655255112797021,
        0.9675476789474488,
        0.9679054498672486,
        0.9781217932701111,
        0.9677347540855408,
        0.9680644989013671,
        0.968037235736847,
        0.9749516010284424,
        0.9679218769073487,
        0.9678236246109009,
        0.971208655834198,
        0.9679803490638733,
        0.9713330268859863,
        0.9679424285888671,
        0.9749011993408203,
        0.9679432392120362,
        0.9681758046150207,
        0.968064033985138,
        0.9680018663406372,
        0.975076949596405,
        0.9750641107559204,
        0.9680055022239685,
        0.968026876449585,
        0.9711094975471497,
        0.9784281611442566,
        0.975180447101593,
        0.9712130904197693,
        0.9679901480674744,
        0.9681166291236878,
        0.9751984000205993
    ],
    "balanced_accuracy_globally": [
        0.9822659730911255,
        0.9820978879928589,
        0.9825274348258972,
        0.9880856990814209,
        0.9818753361701965,
        0.9820549845695495,
        0.9820058584213257,
        0.9853686809539794,
        0.9823716163635254,
        0.9821525096893311,
        0.984005582332611,
        0.9821549892425537,
        0.984105360507965,
        0.9828166007995606,
        0.9859544515609742,
        0.981894052028656,
        0.9819663405418396,
        0.9818822622299195,
        0.9819453477859497,
        0.9854840159416198,
        0.9859089255332947,
        0.981935453414917,
        0.9819791197776795,
        0.9843817114830017,
        0.9877015471458435,
        0.9853369355201721,
        0.9841448545455933,
        0.9825936675071716,
        0.9823947072029113,
        0.985661244392395
    ],
    "precision_globally": [
        0.7820068680681288,
        0.9988537907600403,
        0.9987970471382142,
        0.9989430546760559,
        0.9988136649131775,
        0.9988831877708435,
        0.9988048553466797,
        0.9988503217697143,
        0.9989031791687012,
        0.9988469123840332,
        0.998789656162262,
        0.9988809704780579,
        0.9988123178482056,
        0.9988442540168763,
        0.9988402128219604,
        0.9988031029701233,
        0.9988727331161499,
        0.9987686753273011,
        0.9988507628440857,
        0.9988085865974426,
        0.9987269759178161,
        0.9987216472625733,
        0.9987885236740113,
        0.9989168047904968,
        0.9988999843597413,
        0.9988800287246704,
        0.9987177133560181,
        0.9989314079284668,
        0.9989372372627259,
        0.9987797737121582
    ],
    "recall_globally": [
        0.9664307236671448,
        0.9677303552627563,
        0.9683255910873413,
        0.9783828139305115,
        0.9680291056632996,
        0.9685313105583191,
        0.9685644030570983,
        0.9753745794296265,
        0.9682844877243042,
        0.9681697010993957,
        0.9716560125350953,
        0.9683966755867004,
        0.9718601107597351,
        0.9683662533760071,
        0.9752645015716552,
        0.9683827877044677,
        0.9687421560287476,
        0.9686512470245361,
        0.9684506058692932,
        0.9755843997001648,
        0.9756529569625855,
        0.9685964226722718,
        0.9685572147369385,
        0.9714455127716064,
        0.9789123892784118,
        0.9756963372230529,
        0.9717348575592041,
        0.9683694124221802,
        0.9685873746871948,
        0.9758109211921692
    ],
    "f_precision_globally": [
        0.7665376733057201,
        0.9680040121078491,
        0.968143880367279,
        0.9785021662712097,
        0.9680760979652405,
        0.9682631850242615,
        0.9682040691375733,
        0.9752198934555054,
        0.9682088851928711,
        0.9681318163871765,
        0.9714239001274109,
        0.9682233929634094,
        0.9714903831481934,
        0.9681848287582397,
        0.9751993894577027,
        0.9681646227836609,
        0.9683045029640198,
        0.9681928992271424,
        0.9682168245315552,
        0.975261104106903,
        0.9752053380012512,
        0.9681392431259155,
        0.9681901931762695,
        0.9714403867721557,
        0.978619658946991,
        0.975348949432373,
        0.9713827729225158,
        0.9682572245597839,
        0.9683155417442322,
        0.9752991437911988
    ],
    "f_recall_globally": [
        0.7651920277625323,
        0.9671772956848145,
        0.9676916837692261,
        0.9778036713600159,
        0.967439866065979,
        0.967881155014038,
        0.9678890705108643,
        0.9747345328330994,
        0.9676708340644836,
        0.9675604224205017,
        0.9710126161575318,
        0.9677638173103332,
        0.9711870431900025,
        0.9677296042442322,
        0.9746484637260437,
        0.9677421808242798,
        0.9680545210838318,
        0.9679526805877685,
        0.9678065657615662,
        0.9749161005020142,
        0.9749506831169128,
        0.96789470911026,
        0.967881178855896,
        0.970837676525116,
        0.9782546520233154,
        0.9750268697738648,
        0.9710619211196899,
        0.9677509188652038,
        0.9679351329803467,
        0.9751048684120178
    ],
    "mean_iou": [
        0.1262836545606375,
        0.23423340785683466,
        0.28122040373098667,
        0.3989018053776089,
        0.5109018057938932,
        0.5461796330467271,
        0.5693933159211839,
        0.5830961331547041,
        0.5382083106261542,
        0.5341603346022044,
        0.5266981479511357,
        0.5145144796988232,
        0.48982115177885144,
        0.4675468276105965,
        0.4696750964827118,
        0.45773038518310594,
        0.4805962821561118,
        0.49275109734544137,
        0.4678226802400725,
        0.4882588956860352,
        0.4868896135155419,
        0.4744164157019283,
        0.4776563591552644,
        0.44767759208282776,
        0.49430393768931163,
        0.48995926370316534,
        0.475030975784668,
        0.4894943540252631,
        0.508481791540053,
        0.5647511173162887
    ],
    "mean_dice": [
        0.1697807859781733,
        0.27245733983393017,
        0.3158501393988919,
        0.434319423625357,
        0.5439677367924654,
        0.5762724593561,
        0.6005834299566388,
        0.6147310955096628,
        0.5700140234315502,
        0.5673062121107266,
        0.5591002241902652,
        0.5465020719246592,
        0.5231257787271698,
        0.49851938157388903,
        0.5020431413999213,
        0.48801952692589323,
        0.5089940416315271,
        0.522588630107208,
        0.49679971537594697,
        0.5183885203037671,
        0.5172256235003554,
        0.5046875538434678,
        0.5077500192684152,
        0.47835378678513846,
        0.5246993416570394,
        0.5202219232302683,
        0.5056576517634648,
        0.5189483783473129,
        0.5371989798059055,
        0.5943417831570179
    ],